Attack_Condition,Human_BER,Human_NCC,AI_BER,AI_NCC
No Attack (Clean),0.0000,1.0000,0.0000,1.0000
AWGN Noise (40 dB),0.0000,1.0000,0.0000,1.0000
AWGN Noise (30 dB),0.0000,1.0000,0.0000,1.0000
AWGN Noise (20 dB),0.0000,1.0000,0.0000,1.0000
AWGN Noise (10 dB),0.0141,0.9892,0.0326,0.9747
AWGN Noise (0 dB),0.2363,0.8078,0.3044,0.7459
MP3 320 kbps Sim,0.0267,0.9788,0.0511,0.9592
MP3 192 kbps Sim,0.0267,0.9788,0.0511,0.9592
MP3 128 kbps Sim,0.0415,0.9667,0.0622,0.9501
MP3 64 kbps Sim,0.0785,0.9365,0.0941,0.9241
MP3 32 kbps Sim,0.1526,0.8721,0.1919,0.8364
Lowpass Filter (4 kHz),0.0000,1.0000,0.0000,1.0000
Highpass Filter (300 Hz),0.6096,0.1688,0.6074,0.2066
Bandpass Filter (300-3400 Hz),0.6044,0.1886,0.6037,0.2150
Resampling (8 kHz),0.0000,1.0000,0.0000,1.0000
Volume Scaling (0.8x),0.6193,0.1018,0.6407,0.0237
Volume Scaling (1.2x),0.3267,0.8149,0.3415,0.8086
Cropping Attack (10%),0.3844,0.6011,0.4600,0.4986
AI Vocoder Re-synth,0.0541,0.9569,0.0919,0.9253
